mse,mae
144.93408203125,101.09890747070312
200.88070678710938,113.9119873046875
92.59972381591797,49.4404182434082
