mse,mae
117.64266204833984,89.78971862792969
119.72505187988281,91.414794921875
34.77777862548828,36.25267791748047
