mse,mae
143.11563110351562,100.68632507324219
200.6342315673828,113.6400146484375
91.602294921875,48.76134490966797
