mse,mae
48.13854217529297,57.85661315917969
41.284873962402344,54.06842041015625
13.6536283493042,22.462451934814453
