mse,mae
82.6048812866211,75.02420043945312
77.49454498291016,74.93490600585938
18.59026527404785,26.777591705322266
