mse,mae
72.29949951171875,72.25955200195312
70.94686889648438,70.53449249267578
27.24219512939453,30.671127319335938
