mse,mae
88.60372924804688,83.96121215820312
73.51386260986328,77.47407531738281
23.191844940185547,30.551280975341797
