mse,mae
15.761905670166016,28.804691314697266
11.768123626708984,26.689836502075195
3.0507287979125977,10.58384895324707
