mse,mae
17.114410400390625,25.69846534729004
8.448260307312012,22.498342514038086
2.214016914367676,8.864921569824219
