mse,mae
0.12646128237247467,0.2119254767894745
0.06523165106773376,0.1745026707649231
0.0519111193716526,0.17473065853118896
