ndcg,diversity
0.0,0.2740749383787948
0.0,0.25534315618693004
0.0,0.26786781944262206
0.0,0.26232575272717173
0.0,0.2613742597730212
0.0,0.25752808197076227
0.0,0.26994416428579326
0.0,0.25939069944921067
