ndcg,diversity
0.0,
0.0,
0.0,
0.0,0.2573574037420959
0.0,
0.0,
0.0,0.25632605656082186
0.0,
