ndcg,diversity
0.0,0.25078389918131616
0.0,0.26143988416399033
1.0,0.2654375175529594
0.0,0.27340738828643296
0.0,0.2596230901528225
0.0,0.2519303711911134
0.0,0.25075509985007116
0.0,0.27268874963274303
