ndcg,diversity
0.0,0.2556807345112637
0.0,0.2355481273451282
0.0,0.23441662097015126
0.0,0.25243652742054234
0.0,0.26933077179198095
0.0,0.25975286688973553
0.0,0.2555154403219194
0.0,0.2516533363536456
