ndcg,diversity
0.0,0.27392993930451426
0.0,0.2585566712949876
0.0,0.279981746411774
0.0,0.2606720907009227
0.0,0.24950043008267642
0.0,0.2404152561803259
0.0,0.2815144811238679
