mse,mae,rmse,precision,recall
0.12938186526298523,0.22983071208000183,0.3596969246864319,0.9607142857142857,0.9429411764705883
0.0888589471578598,0.21962496638298035,0.29809218645095825,0.8066666666666666,0.8421434745030251
0.06222478300333023,0.19740499556064606,0.2494489550590515,0.7083333333333334,0.7081881533101045
