mse,mae,rmse,precision,recall,diversity,novelty
0.12025123089551926,0.21745094656944275,0.34677261114120483,0.9072176906383298,0.8934173669467788,0.26468833796592084,0.030761181842535734
0.10323160886764526,0.23122555017471313,0.321296751499176,0.707480471335893,0.7183587317472593,0.2643079952779418,0.04665063973516226
0.05949585512280464,0.19237719476222992,0.24391771852970123,0.9772727272727273,0.9642857142857143,0.3507630496679097,0.014329013177903761
