mse,mae
16.543567657470703,tensor(28.4534)
9.92243766784668,tensor(26.4000)
2.3425588607788086,tensor(9.3722)
