mse,mae
14.858580589294434,tensor(27.4818)
10.07719612121582,tensor(26.2764)
2.250253677368164,tensor(9.7460)
