mse,mae
16.745189666748047,tensor(26.9826)
11.469337463378906,tensor(26.2975)
2.9182891845703125,tensor(9.6549)
