mse,mae
108.08534240722656,88.45266723632812
112.6705322265625,89.00540161132812
34.78759002685547,31.146278381347656
