mse,mae
43.900047302246094,54.001487731933594
61.54862976074219,57.44717025756836
28.429630279541016,23.95672607421875
