mse,mae
65.0943603515625,67.23051452636719
79.16111755371094,70.44835662841797
23.50678253173828,25.64626693725586
