mse,mae
41.976261138916016,55.59027099609375
46.90754318237305,51.415462493896484
18.250267028808594,22.505077362060547
