mse,mae
8.350996017456055,17.306026458740234
6.018373012542725,15.362330436706543
1.7062842845916748,6.380060195922852
