mse,mae
0.09008422493934631,0.14814788103103638
0.0323416069149971,0.11802439391613007
0.029521320015192032,0.10806296765804291
