mse,mae
12.437712669372559,19.385723114013672
3.695239543914795,14.422647476196289
1.1821777820587158,5.567164421081543
