mse,mae
1.7103466987609863,1.1592381000518799
1.7036521434783936,1.1583983898162842
1.6196602582931519,1.13209867477417
