ndcg,diversity
0.0,0.2540128275850033
0.0,0.2542789068373634
0.0,0.25391734736551363
0.0,0.25975286688973553
0.0,0.25691482771723795
0.0,0.2588190391519525
