mse,mae
99.27838134765625,77.24042510986328
92.26405334472656,74.61843872070312
12.555988311767578,16.003097534179688
