mse,mae
23.238265991210938,39.08709716796875
19.56110382080078,37.612369537353516
9.230589866638184,1.0608844757080078
