mse,mae
16.993728637695312,30.48641586303711
13.211833953857422,27.557235717773438
7.453159332275391,0.22008132934570312
