ndcg,diversity
0.0,0.26660074323753
0.0,0.2702095785151386
0.0,0.2606720907009227
0.0,0.2699805944107082
0.0,0.24574531032298097
0.0,0.26961763258634786
0.0,0.28257263539493616
0.0,0.26550847318303017
0.0,0.16497939302647235
0.0,0.27054359467304123
0.0,0.18141910527492722
